pdb_code,pdb_file_issues,allele,b2m,uid,peptide,note,colab_fold_10,colab_fold_10_completed,colab_fold_n,colab_fold_relaxed,alpha_fold,alpha_fold_relaxed,robetta,robetta_relaxed,modeller,modeller_relaxed,analysed,github
3BO8,,HLA-A*0101,human,e4a82,EADPTGHSY,,y,y,,,,,,,,,,
4NQV,,HLA-A*0101,human,e0b05,CTELKLSDY,,y,y,,,,,,,,,,
6AT9,,HLA-A*0101,human,ecc32,AQDIYRASYY,,y,y,,,,,,,,,,
Ask author,,HLA-A*0201,human,4aa93,FLPTPEELGLLGPPRPQVLA,,y,y,,,,,,,,,,
1HHI,,HLA-A*0201,human,423ff,GILGFVFTL,,y,y,,,,,,,,,,
1HHJ,,HLA-A*0201,human,882f4,ILKEPVHGV,,y,y,,,,,,,,,,
1HHK,,HLA-A*0201,human,2b543,LLFGYPVYV,,y,y,,,,,,,,,,
1DUY,,HLA-A*0201,human,fc50a,LFGYPVYV,,y,y,,,,,,,,,,
1HHG,,HLA-A*0201,human,d3709,TLTSCNTSV,,y,y,,,,,,,,,,
1EEZ,,HLA-A*0201,human,9acb1,ILSALVGIL,,y,y,,,,,,,,,,
1EEY,,HLA-A*0201,human,aeebf,ILSALVGIV,,y,y,,,,,,,,,,
1HHH,,HLA-A*0201,human,f6dd3,FLPSDFFPSV,,y,y,,,,,,,,,,
3OX8,,HLA-A*0203,human,2dee9,FLPSDFFPSV,,y,y,,,,,,,,,,
3OXR,,HLA-A*0206,human,a4cb1,FLPSDFFPSV,,y,y,,,,,,,,,,
3OXS,,HLA-A*0207,human,bffe8,FLPSDFFPSV,,y,y,,,,,,,,,,
6O9C,,HLA-A*0301,human,142d3,TTAPFLSGK,,y,y,,,,,,,,,,
3RL1,,HLA-A*0301,human,e6fa6,AIFQSSMTK,,y,y,,,,,,,,,,
2XPG,,HLA-A*0301,human,51096,KLIETYFSK,,y,y,,,,,,,,,,
7L1B,,HLA-A*0301,human,76c6d,AHHGGWTTK,,y,y,,,,,,,,,,
7MLE,,HLA-A*0301,human,7184f,VVRPSVASK,,y,y,,,,,,,,,,
6JOZ,,HLA-A*1101,human,61a6c,ATIGTAMYK,,y,y,,,,,,,,,,
1Q94,,HLA-A*1101,human,220f0,AIFQSSMTK,,y,y,,,,,,,,,,
1QVO,,HLA-A*1101,human,4b5ff,QVPLRPMTYK,,y,y,,,,,,,,,,
1X7Q,,HLA-A*1101,human,83ab3,KTFPPTEPK,,y,y,,,,,,,,,,
4MJ5,,HLA-A*1101,human,7e542,TIAMELIRMIK,,y,y,,,,,,,,,,
3WL9,,HLA-A*2402,human,5c5c1,NYTPGPGIRF,,y,y,,,,,,,,,,
2BCK,,HLA-A*2402,human,52623,VYGFVRACL,,y,y,,,,,,,,,,
4F7M,,HLA-A*2402,human,94105,LYASPQLEGF,,y,y,,,,,,,,,,
6J1W ,,HLA-A*3001,human,a9d9f,AIFQSSMTK,,y,y,,,,,,,,,,
6J1V,,HLA-A*3003,human,9f5d3,AIFQSSMTK,,y,y,,,,,,,,,,
6J2A,,HLA-A*3003,human,aad80,CTELKLSDY,,y,y,,,,,,,,,,
6J29,,HLA-A*3003,human,23fdf,QIMYNYPAM,,y,y,,,,,,,,,,
4HWZ,,HLA-A*6801,human,65785,AIFQSSMTK,,y,y,,,,,,,,,,
6PBH,incomplete_peptide,HLA-A*6801,human,a87ac,DATYQRTRALVR,,y,y,,,,,,,,,,
4I48,,HLA-A*6802,human,8d0ef,TLTSCNTSV,,y,y,,,,,,,,,,
4HX1,,HLA-A*6802,human,463cd,SVYDFFVWL,,y,y,,,,,,,,,,
5WMO,,HLA-B*0702,human,601bd,RPPIFIRRL,,y,y,,,,,,,,,,
6AT5,,HLA-B*0702,human,7554c,APRGPHGGAASGL,,y,y,,,,,,,,,,
5EO1,,HLA-B*0702,human,3ab70,RPMTYKGAL,,y,y,,,,,,,,,,
1AGB,,HLA-B*0801,human,45cdc,GGRKKYKL,,y,y,,,,,,,,,,
3SPV,,HLA-B*0801,human,200c8,RAKFKQLL,,y,y,,,,,,,,,,
4QRQ,,HLA-B*0801,human,0db09,HSKKKCDEL,,y,y,,,,,,,,,,
1M05,,HLA-B*0801,human,66fcd,FLRGRAYGL,,y,y,,,,,,,,,,
3X14,,HLA-B*08216,human,9c21e,FLRGRAYGL,,y,y,,,,,,,,,,
3BVN,,HLA-B*1402,human,c53f6,RRRWRRLTV,,y,y,,,,,,,,,,
3BXN,,HLA-B*1402,human,01639,IRAAPPPLF,,y,y,,,,,,,,,,
5VZ5,,HLA-B*1501,human,b53f0,AQDIYRASYY,,y,y,,,,,,,,,,
5TXS,,HLA-B*1501,human,b6ebd,AQDIYRASY,,y,y,,,,,,,,,,
6UZM,,HLA-B*1502,human,e8524,HLASSGHSL,,y,y,,,,,,,,,,
6VB0,,HLA-B*1502,human,a0da9,ELRAREESY,,y,y,,,,,,,,,,
6MT3,,HLA-B*1801,human,3eb46,FEDLRVLSF,,y,y,,,,,,,,,,
4JQV,,HLA-B*1801,human,d9893,SELEIKRY,,y,y,,,,,,,,,,
6PYL,,HLA-B*2703,human,fea6f,KRWIILGLNK,,y,y,,,,,,,,,,
6PYV,,HLA-B*2703,human,c699b,LRNQSVFNF,,y,y,,,,,,,,,,
5DEF,,HLA-B*2704,human,8385c,RRKWRRWHL,,y,y,,,,,,,,,,
2BST,,HLA-B*2705,human,d51bc,SRYWAIRTR,,y,y,,,,,,,,,,
3BP4,,HLA-B*2705,human,bb132,IRAAPPPLF,,y,y,,,,,,,,,,
2BSS,,HLA-B*2705,human,2e89c,KRWIILGLNK,,y,y,,,,,,,,,,
5IB4,,HLA-B*2705,human,1eaf3,RRKWRRWHL,,y,y,,,,,,,,,,
5DEG,,HLA-B*2706,human,756c8,RRKWRRWHL,,y,y,,,,,,,,,,
1K5N,,HLA-B*2709,human,6e9c9,GRFAAAIAK,,y,y,,,,,,,,,,
1JGD,,HLA-B*2709,human,85635,RRLLRGHNQY,,y,y,,,,,,,,,,
6Y29,,HLA-B*2709,human,098ad,GRLNEPIKV,,y,y,,,,,,,,,,
4PRA,,HLA-B*3501,human,b8d14,HPVGQADYFEY,,y,y,,,,,,,,,,
1A9E,,HLA-B*3501,human,ee400,LPPLDITPY,,y,y,,,,,,,,,,
1ZSD,,HLA-B*3501,human,b8345,EPLPQGQLTAY,,y,y,,,,,,,,,,
2NW3,,HLA-B*3508,human,96bf3,EPLPQGQLTAY,,y,y,,,,,,,,,,
6MT6,,HLA-B*3701,human,cf210,FEDLRVLSF,,y,y,,,,,,,,,,
4O2E,,HLA-B*3901,human,eebad,SHVAVENAL,,y,y,,,,,,,,,,
5IEK,,HLA-B*4001,human,ad1a9,REFSKEPEL,,y,y,,,,,,,,,,
6IEX,,HLA-B*4002,human,1cb07,GETALALLLL,,y,y,,,,,,,,,,
3LN5,,HLA-B*4104,human,65270,HEEAVSVDRVL,,y,y,,,,,,,,,,
4U1J,,HLA-B*4201,human,b7df2,TPQDLNTML,,y,y,,,,,,,,,,
4U1M,,HLA-B*4201,human,b6ba0,RPQVPLRPM,,y,y,,,,,,,,,,
4U1N,,HLA-B*4202,human,79cde,RPQVPLRPM,,y,y,,,,,,,,,,
1M6O,,HLA-B*4402,human,17b4e,EEFGRAFSF,,y,y,,,,,,,,,,
3KPL,,HLA-B*4402,human,96d08,EEYLQAFTY,,y,y,,,,,,,,,,
1M6O,,HLA-B*4403,human,c15d9,EEFGRAFSF,,y,y,,,,,,,,,,
3KPN,,HLA-B*4403,human,2043,EEYLQAFTY,,y,y,,,,,,,,,,
1SYV,,HLA-B*4405,human,1fa7f,EEFGRAFSF,,y,y,,,,,,,,,,
3KPP,,HLA-B*4405,human,f5581,EEYLQAFTY,,y,y,,,,,,,,,,
3KPQ,,HLA-B*4405,human,2a02a,EEYLKAWTF,,y,y,,,,,,,,,,
4LCY,no_peptide,HLA-B*4601,human,93b55,FTMRLLSPV,,y,y,,,,,,,,,,
1E27,,HLA-B*5101,human,1806b,LPPVVAKEI,,y,y,,,,,,,,,,
1E28,,HLA-B*5101,human,2f424,TAFTIPSI,,y,y,,,,,,,,,,
3W39,,HLA-B*5201,human,afa5c,TAFTIPSI,,y,y,,,,,,,,,,
1A1O,,HLA-B*5301,human,672aa,KPIVQYDNF,,y,y,,,,,,,,,,
1A1M,,HLA-B*5301,human,31521,TPYDINQML,,y,y,,,,,,,,,,
5T6W,,HLA-B*5701,human,b470f,SSTRGISQLW,,y,y,,,,,,,,,,
2YPK,,HLA-B*5701,human,02f69,KAFSPEVIPMF,,y,y,,,,,,,,,,
5VUE,,HLA-B*5701,human,0be14,LTVQVARVW,,y,y,,,,,,,,,,
5VUF,,HLA-B*5701,human,d5288,LTVQVARVY,,y,y,,,,,,,,,,
6V2O,,HLA-B*5701,human,5575e,ASLNLPAVSW,,y,y,,,,,,,,,,
2BVO,,HLA-B*5703,human,9df56,KAFSPEVIPMF,,y,y,,,,,,,,,,
5VWD,,HLA-B*5703,human,58d6c,LTVQVARVW,,y,y,,,,,,,,,,
5VWF,,HLA-B*5703,human,bfcc5,LTVQVARVY,,y,y,,,,,,,,,,
6V2P,,HLA-B*5703,human,041da,ASLNLPAVSW,,y,y,,,,,,,,,,
2HJK,,HLA-B*5706,human,731d1,KGFNPEVIPMF,,y,y,,,,,,,,,,
5VWJ,,HLA-B*5801,human,6276a,LTVQVARVW,,y,y,,,,,,,,,,
5VWJ,,HLA-B*5801,human,bbec6,QASQEVKNW,,y,y,,,,,,,,,,
4U1I,,HLA-B*8101,human,44224,TPQDLNTML,,y,y,,,,,,,,,,
4U1L,,HLA-B*8101,human,b8dea,RPQVPLRPM,,y,y,,,,,,,,,,
4U1S,,HLA-B*8101,human,c767a,FPRPWLHGL,,y,y,,,,,,,,,,
7DUU,,HLA-C*0102,human,263d9,LNPSVAATL,,y,y,,,,,,,,,,
1EFX,,HLA-C*0304,human,35eb5,GAVDPLLAL,,y,y,,,,,,,,,,
1QQD,,HLA-C*0401,human,e16cf,QYDDAVYKL,,y,y,,,,,,,,,,
6JTP,,HLA-C*0501,human,bfcc0,GADGVGKSA,,y,y,,,,,,,,,,
6JTO,,HLA-C*0501,human,4c522,GADGVGKSAL,,y,y,,,,,,,,,,
4NT6,,HLA-C*0801,human,78691,GILGFVFTL,,y,y,,,,,,,,,,
6ULI,,HLA-C*0802,human,fe697,GADGVGKSA,,y,y,,,,,,,,,,
6ULK,,HLA-C*0802,human,72bdf,GADGVGKSAL,,y,y,,,,,,,,,,
1MHE,,HLA-E*0101,human,03398,VMAPRTVLL,,y,y,,,,,,,,,,
3BZE,,HLA-E*0101,human,cd5fc,VMAPRTLFL,,y,y,,,,,,,,,,
1KPR,,HLA-E*0103,human,9dd65,VMAPRTVLL,,y,y,,,,,,,,,,
6GL1,,HLA-E*0103,human,e8e02,RMYSPTSIL,,y,y,,,,,,,,,,
1KTL,,HLA-E*0103,human,942bc,VTAPRTLLL,,y,y,,,,,,,,,,
6GHN,,HLA-E*0103,human,a1607,RLPAKAPLF,,y,y,,,,,,,,,,
6GH1,,HLA-E*0103,human,cd542,RLPAKAPLL,,y,y,,,,,,,,,,
7P4B,,HLA-E*0103,human,87442,IMYNYPMAL,,y,y,,,,,,,,,,
7P49,,HLA-E*0103,human,2f195,RMAATAQVL,,y,y,,,,,,,,,,
2D31,,HLA-G*0101,human,34ea6,RIIPRHLQL,,y,y,,,,,,,,,,
1YDP,,HLA-G*0104,human,5de20,RIIPRHLQL,,y,y,,,,,,,,,,
3KYN,,HLA-G*0104,human,8483e,KGPPAALTL,,y,y,,,,,,,,,,
3KYO,,HLA-G*0104,human,7bf2b,KLPAQFYIL,,y,y,,,,,,,,,,